Price,Date,Close,High,Low,Open,Volume
Ticker,,GOOGL,GOOGL,GOOGL,GOOGL,GOOGL
0,2023-04-04,104.22171783447266,105.07762635151548,103.54495313711536,103.83357415733603,24420100
1,2023-04-05,103.97291564941406,105.59515710589082,103.16677219338038,105.2766800226226,28290500
2,2023-04-06,107.90411376953125,108.65054511701238,103.83357846595176,104.75915364055206,48711500
3,2023-04-10,105.93353271484375,107.07805463574618,104.6198139282229,106.4709641629739,27067400
4,2023-04-11,104.84872436523438,106.22216293833723,104.18191416724264,106.04301910676263,26311800
5,2023-04-12,104.14209747314453,106.24205820052738,103.84352190700692,106.07286892315904,24370300
6,2023-04-13,106.91883087158203,106.97854295202298,105.33639240206342,105.33639240206342,24843600
7,2023-04-14,108.35197448730469,108.42164110764425,106.33162731127321,106.38139243712666,26578000
8,2023-04-17,105.46578216552734,105.65488055059328,104.02267689835315,104.16201774578109,37571200
9,2023-04-18,104.00276184082031,106.03305590180257,103.57480758885212,105.98329077756064,26596400
10,2023-04-19,103.68429565429688,104.48049216706148,102.57957659955501,103.08715206626977,20905700
11,2023-04-20,104.78901672363281,105.74444800146313,103.37577509974376,103.41558568545663,27820800
12,2023-04-21,104.908447265625,105.49563631362956,104.28144003927596,104.96815934695626,25800100
13,2023-04-24,105.46578216552734,106.12263785123642,104.20182073865433,104.98806272702657,23542800
14,2023-04-25,103.3558578491211,106.1823484668057,103.34590330520571,105.32643992429568,46664100
15,2023-04-26,103.21652221679688,105.84395986079909,102.14165929158905,104.42076383754022,53347600
16,2023-04-27,107.07805633544922,107.85435127935429,103.0473318001292,103.95299784504715,50089200
17,2023-04-28,106.8292465209961,106.83920106462901,104.5899525683896,106.5306785498371,36139800
18,2023-05-01,106.6899185180664,107.47616045562452,106.31172936546945,106.33163086061985,26681700
19,2023-05-02,104.81886291503906,106.68991470916808,103.21652305785557,106.63020263275621,30997200
20,2023-05-03,104.908447265625,106.97854454706649,104.46058387636243,105.0278714282875,21795400
21,2023-05-04,104.1918716430664,105.09753777760864,103.47529629660639,104.98806056672765,23419500
22,2023-05-05,105.06768035888672,105.37620289836305,103.61462818899871,104.32124898163032,26625100
23,2023-05-08,107.2572021484375,107.44630051441501,104.65962811592014,104.67952961034783,26511400
24,2023-05-09,106.8392105102539,109.62589071265951,106.67997576350962,107.87426293991619,36360100
25,2023-05-10,111.21826934814453,112.4026095007465,107.41644603746185,107.45625661998795,63153400
26,2023-05-11,116.01533508300781,117.35890998003737,113.86561676637899,114.85090401178836,78900000
27,2023-05-12,116.95086669921875,117.46838909715726,115.55752665279486,116.12481417824908,41073800
28,2023-05-15,115.95561981201172,117.91624729796742,115.45799893103178,115.55752158860936,36266800
29,2023-05-16,118.94135284423828,120.1754505833764,115.87600619542154,115.93571827523857,45035600
30,2023-05-17,120.26502227783203,121.09107484095293,118.32430369516756,119.04087904664145,33323600
31,2023-05-18,122.24555969238281,122.72327153385679,120.25507596902467,120.37450013284676,35234200
32,2023-05-19,122.1758804321289,125.37060556659539,121.56878235183454,122.96212233272476,41330300
33,2023-05-22,124.45498657226562,125.82841748352126,122.15597291663258,122.35502582680218,35253000
34,2023-05-23,121.9768295288086,124.03697969958147,121.62849642613534,123.5692224434729,34046300
35,2023-05-24,120.32473754882812,121.32993391302894,119.28968514492404,120.54369196410875,34182600
36,2023-05-25,122.89246368408203,124.72370499429998,121.37969186050914,123.92750849840978,42317000
37,2023-05-26,124.01707458496094,124.66398323852341,121.86734876877027,122.58392404083384,35635900
38,2023-05-30,123.08155059814453,125.06208723131287,121.41949862779474,125.04217814334058,35076700
39,2023-05-31,122.28536987304688,123.46970252121969,121.91712765193172,122.1659381165275,37325800
40,2023-06-01,123.13131713867188,123.82798336385527,122.03655267348697,122.23559799694154,30772700
41,2023-06-02,124.07678985595703,125.54975101903904,123.17112379211459,123.40002514747484,26963100
42,2023-06-05,125.41041564941406,126.82365711889926,123.25073527073091,123.41993213979819,32305500
43,2023-06-06,126.70423889160156,127.6795716632302,124.76352029992727,125.41042902818297,26638300
44,2023-06-07,121.9171142578125,128.4259886146352,121.53892512668912,126.36584609093107,52539000
45,2023-06-08,121.558837890625,122.64365544606527,120.66311871482401,121.64841360475143,29389200
46,2023-06-09,121.64840698242188,123.17112570184304,121.3299299142625,121.66830847720398,23762500
47,2023-06-12,123.05169677734375,123.45974956411615,121.0811222457333,122.20574275748704,28306400
48,2023-06-13,123.24079895019531,124.5644724206038,122.59389023515342,124.38532858556286,22278300
49,2023-06-14,123.08155059814453,123.45974733869542,120.87211260494071,122.5142630804105,30592300
50,2023-06-15,124.49478912353516,124.86303131123523,121.81759393072211,122.55407071303016,35246300
51,2023-06-16,122.94222259521484,125.50994835044854,122.69341213660132,125.3308045165231,45514000
52,2023-06-20,122.5142593383789,123.97726594287386,121.55882815838247,122.34507006124343,26097500
53,2023-06-21,119.97640228271484,122.07636309263388,119.52853891590576,121.81759809801702,30306300
54,2023-06-22,122.56402587890625,122.65359399380323,118.2645817227319,119.4290127749455,26952200
55,2023-06-23,121.75787353515625,122.20573688397315,120.48396529451563,120.80244235467579,34885300
56,2023-06-26,117.77691650390625,121.41950530782552,117.70724987835497,120.1854075438775,33969900
57,2023-06-27,117.76696014404297,118.51339146949954,115.54756766205826,116.52290793494869,39535900
58,2023-06-28,119.608154296875,119.81715415403947,116.29399743378409,116.5328533286732,27091400
59,2023-06-29,118.53329467773438,119.48872587696212,117.73710580825735,118.67262791972016,24090900
60,2023-06-30,119.13043212890625,120.50387057686662,119.12048517862524,119.59819695723526,29519700
61,2023-07-03,119.3294906616211,119.61811168831736,118.25462771939205,118.67262744367262,14467900
62,2023-07-05,121.17068481445312,122.02659333927569,118.66267890915145,118.67262585976906,27584800
63,2023-07-06,119.53849792480469,119.7275963040598,117.83663529078655,119.22997538441382,24745200
64,2023-07-07,118.91149139404297,120.47402068726721,118.83187022918119,119.52853643899117,21692600
65,2023-07-10,115.89591217041016,117.74706264721117,115.58738962197427,117.73711569558557,35315200
66,2023-07-11,116.5826187133789,117.14990621068708,114.80113505861661,115.73666473923052,23078800
67,2023-07-12,118.36410522460938,119.75744523552781,117.8465828398585,118.2347265266947,30404400
68,2023-07-13,123.94742584228516,124.23604690144109,119.87688256540194,120.35460201337214,44297900
69,2023-07-14,124.82322692871094,126.17675640796054,122.90240991720911,124.20618186143912,33266800
70,2023-07-17,124.05689239501953,126.49523177773591,123.60902902733594,125.34075523343135,25716200
71,2023-07-18,123.17112731933594,124.08674795318163,122.37493084193565,124.00712678682312,26226400
72,2023-07-19,121.44935607910156,124.5843692790778,121.22045471640399,124.00712721064436,37224000
73,2023-07-20,118.63282012939453,123.49955194883329,117.65748741253887,120.84225815158732,37906800
74,2023-07-21,119.44891357421875,120.41429930342547,118.16505837628159,120.04606470909158,72937900
75,2023-07-24,120.95173645019531,122.41474313178708,120.40435800830701,121.08112274560483,29686100
76,2023-07-25,121.62849426269531,122.56402394445624,120.44415414158027,120.78254028750972,52509600
77,2023-07-26,128.6549072265625,130.35676214061976,127.70943058695467,129.45110367587904,61682100
78,2023-07-27,128.78427124023438,132.6060109493417,128.17717318949514,131.04347417477982,44952100
79,2023-07-28,131.94915771484375,133.1036418304535,129.94872719345616,130.15771946410177,36591200
80,2023-07-31,132.08848571777344,132.89462910208388,131.1529560469299,132.09843266820528,28055500
81,2023-08-01,130.92405700683594,131.99891993360347,130.05818634611023,130.15771659691958,23166800
82,2023-08-02,127.76914978027344,129.47100478913018,126.95304419806331,128.83405063143312,26273300
83,2023-08-03,127.83879852294922,128.77432818875712,126.81370074518537,127.36108673966699,20089500
84,2023-08-04,127.50042724609375,130.88424328208276,127.30138192389168,128.6648583264697,26130000
85,2023-08-07,130.90415954589844,130.98378071638075,128.4061079650305,128.5454412168282,22746300
86,2023-08-08,130.77476501464844,130.88424221889798,128.92361467945548,129.998477634037,23535200
87,2023-08-09,129.04306030273438,131.41172554952155,128.3861970452602,131.0335439778547,24912900
88,2023-08-10,129.0729217529297,131.42169319546548,128.83405823487684,130.695170875727,20857800
89,2023-08-11,128.94351196289062,129.31174653157146,127.5601266101201,128.04780050916526,19569200
90,2023-08-14,130.70510864257812,130.74491163303028,128.34639041402843,128.77433710267465,24695600
91,2023-08-15,129.16249084472656,130.7946869315138,128.66486990136232,130.47621742457744,19770700
92,2023-08-16,128.08761596679688,129.66009982508598,127.26157104777742,128.08761596679688,25216100
93,2023-08-17,129.30181884765625,131.36197675884557,128.6748116249142,129.18239468568078,33446300
94,2023-08-18,126.853515625,128.63499931194184,125.77865268655036,127.89851493202701,30491300
95,2023-08-21,127.7591781616211,128.11746579787294,125.95779302992129,126.57484564637545,25248700
96,2023-08-22,128.46580505371094,129.6600920991953,127.70942680168035,127.89850997505022,22067500
97,2023-08-23,131.7401580810547,132.77521810347412,129.25205347010368,129.56057601207195,27819700
98,2023-08-24,129.16249084472656,133.61122329329774,128.95349855277775,133.31264769004198,28500700
99,2023-08-25,129.2620086669922,130.13781111641472,126.64451789723837,128.92361491657198,26762900
100,2023-08-28,130.38661193847656,131.90933055130816,129.52075650385797,130.6851874909537,20543300
101,2023-08-29,133.92970275878906,135.92018645455218,131.6107874308828,131.6107874308828,43075600
102,2023-08-30,135.23345947265625,135.6315501147355,133.43207426004315,134.1386874276615,28315800
103,2023-08-31,135.52207946777344,137.34337385647325,135.14388270916908,135.36283712876264,30053800
104,2023-09-01,135.01451110839844,136.80594945032874,134.20836765107612,136.80594945032874,21524600
105,2023-09-05,135.12399291992188,135.77089406084173,133.93965266502593,134.79556128053332,19403100
106,2023-09-06,133.82022094726562,135.88036360473524,133.03397141020704,135.37279574679286,18684500
107,2023-09-07,134.6164093017578,134.93489398818454,132.31740302153798,132.95435720820575,18844300
108,2023-09-08,135.7310791015625,136.00974558565406,134.2083603898534,134.2680724669895,23558300
109,2023-09-11,136.26852416992188,136.82585722476293,135.14389592171182,135.89032737434255,20763400
110,2023-09-12,134.69602966308594,136.21874849371267,134.54674945858747,135.61165035177623,18405500
111,2023-09-13,136.0594940185547,136.24857717755862,133.51166261259814,134.44719220277383,20749500
112,2023-09-14,137.44290161132812,138.0400375924637,135.59175121605634,136.94528070062265,24751000
113,2023-09-15,136.74623107910156,137.86091233447098,135.83061035281736,137.32347320383892,38908400
114,2023-09-18,137.5523681640625,138.4978447839275,135.95997529868072,135.95997529868072,21861300
115,2023-09-19,137.3831787109375,137.75142852316634,135.96993710197103,136.7661336216356,20353700
116,2023-09-20,133.10365295410156,137.42299901850853,132.98421360328075,137.42299901850853,29927500
117,2023-09-21,129.81935119628906,131.6008274512888,129.45111656611377,130.81459306049098,31488700
118,2023-09-22,129.63023376464844,131.40176280772747,128.98333272244602,130.1378015737834,26397300
119,2023-09-25,130.4861602783203,130.54587235985892,128.34639636353074,129.2122519182116,20094600
120,2023-09-26,127.95824432373047,129.73972044721884,126.61466183176898,129.1525314353715,25718700
121,2023-09-27,129.9188690185547,130.27715670469198,127.95825647590418,127.95825647590418,22746500
122,2023-09-28,131.68045043945312,132.66574536563317,129.1724366549313,129.2222017860651,22513100
123,2023-09-29,130.23733520507812,133.41215879768615,129.739714333163,132.64581840280536,30848100
124,2023-10-02,133.53158569335938,133.78039613443357,130.545860400469,130.58567857530397,22288000
125,2023-10-03,131.79986572265625,133.62116005886995,131.21267669893393,133.3026905762113,22989400
126,2023-10-04,134.5965118408203,134.9249434701971,131.8993997738575,132.15815718510046,26752300
127,2023-10-05,134.42730712890625,134.8453068312004,132.81500520727624,134.42730712890625,19832600
128,2023-10-06,136.9253692626953,137.50261133155155,133.37234873185216,133.37234873185216,27583200
129,2023-10-09,137.7613525390625,138.2788824686098,134.9647258274304,136.28839909393267,19278100
130,2023-10-10,137.403076171875,139.05518115278088,136.67655393277659,137.8409849799401,27786600
131,2023-10-11,139.88125610351562,140.43858915374793,137.920628289257,137.920628289257,25884300
132,2023-10-12,138.30874633789062,140.54804026123193,137.60211801793758,140.37885098714375,24765500
133,2023-10-13,136.7064208984375,139.33385877066547,135.96993646362293,138.71681368426044,23420500
134,2023-10-16,138.43812561035156,138.96560249289772,137.3334067233584,137.51254293878173,28501900
135,2023-10-17,139.05517578125,139.23431200334724,136.5272532818645,137.9703659398381,23515800
136,2023-10-18,137.30357360839844,140.0504356733887,136.7263315075888,138.7864742597851,23375000
137,2023-10-19,137.09454345703125,138.99545873876005,136.72630888953833,137.84097472812218,26066000
138,2023-10-20,134.9547882080078,137.213976060409,134.43725824267983,136.6765521940106,26315200
139,2023-10-23,135.85049438476562,137.00497842129087,133.31262496891244,134.39743479587233,26317900
140,2023-10-24,138.14950561523438,138.6968916178538,136.76612018289654,137.17417294722958,44814300
141,2023-10-25,125.01231384277344,127.69946346643458,124.47488239942285,127.55018328196924,84366200
142,2023-10-26,121.69815826416016,123.73840686021325,120.69296198472638,122.68344545674232,57061100
143,2023-10-27,121.58868408203125,122.72325908177865,119.63801114223584,122.2953048209552,44566500
144,2023-10-30,123.8677978515625,124.80332760609076,122.16593522517718,122.6237455580271,28940100
145,2023-10-31,123.4896011352539,124.7734639348329,122.10621567689739,124.46493382160276,26292300
146,2023-11-01,125.84832763671875,125.88813822149176,123.13132166552205,123.47965479092001,30082400
147,2023-11-02,126.88337707519531,128.36628525589762,126.32604408767605,127.80895226837836,27124600
148,2023-11-03,128.48573303222656,128.91367975208917,127.25162763160075,127.41086997739491,26380100
149,2023-11-06,129.63023376464844,129.71980187458107,128.0577500279253,128.43594674032983,19052700
150,2023-11-07,130.34681701660156,131.28234671869467,129.26200712212525,130.08805962107587,29757300
151,2023-11-08,131.21267700195312,131.580926799427,130.15772310979614,130.34682148408558,26425800
152,2023-11-09,129.62030029296875,131.91930647073386,129.45111100566407,131.33211744076144,23747800
153,2023-11-10,131.9591064453125,132.16811390496133,128.79424481480643,129.48096408570086,26913300
154,2023-11-13,131.4615020751953,131.95912303711475,130.62550250385542,131.1529795085951,18324800
155,2023-11-14,132.9842071533203,135.0543119616439,132.68564675621332,133.55150228019363,32395200
156,2023-11-15,133.9794464111328,134.38749919428832,132.93445466887385,134.2282568614201,23861500
157,2023-11-16,136.27845764160156,136.5670862789989,133.6808910221372,134.54674656195866,28013200
158,2023-11-17,134.66616821289062,135.41259957777135,133.01406314727024,135.35288749837048,37240600
159,2023-11-20,135.60169982910156,136.0097526255653,132.98420894713303,133.05388316485448,27815500
160,2023-11-21,136.3182830810547,136.52727537398616,135.31309423775954,135.64151069808045,22635300
161,2023-11-22,137.83103942871094,138.75660699373168,136.81588856208788,136.81588856208788,17813900
162,2023-11-24,136.03961181640625,137.47276251978383,135.3429455539826,137.37323225964377,12514300
163,2023-11-27,135.7609405517578,137.76137114648046,135.35288776014943,135.3827437999076,23436500
164,2023-11-28,136.54718017578125,136.59694530602604,134.7756508796034,135.43251415198907,18730000
165,2023-11-29,134.34768676757812,137.63197233173457,134.19839139618142,136.91541225652824,23967200
166,2023-11-30,131.89938354492188,134.90501778252556,130.6553313986171,134.40739692400365,38988300
167,2023-12-01,131.2325897216797,131.48140018185381,130.04824950146127,131.2325897216797,31431200
168,2023-12-04,128.6549072265625,129.41128550101195,127.29142327486284,129.26200531072064,36669900
169,2023-12-05,130.36672973632812,131.51125173964408,127.63976171874135,128.33642794624606,27384800
170,2023-12-06,129.40135192871094,131.21268423164344,129.26201867463922,130.8145935589201,23576200
171,2023-12-07,136.27845764160156,137.90070669775926,134.05907259412004,134.39745117448874,56767100
172,2023-12-08,134.34768676757812,135.7509660671318,133.39224802366363,133.56143729563297,32233900
173,2023-12-11,132.65577697753906,132.70554210632815,130.73496753299872,131.75011845279244,31138000
174,2023-12-12,131.88943481445312,132.36714658005434,130.635420548748,131.1828065229698,29032800
175,2023-12-13,131.939208984375,132.86477654283303,130.94396721251857,132.74535238978922,30104800
176,2023-12-14,131.3122100830078,133.0837393336483,129.0729159552244,132.74536075457883,38722400
177,2023-12-15,131.96905517578125,132.87471357909496,130.55579860135293,130.99370737808474,50815200
178,2023-12-18,135.15383911132812,136.4974064259798,131.79986392780293,131.99892443621175,32258000
179,2023-12-19,135.99978637695312,136.81589194521072,135.43250644576105,136.18888474941207,25476800
180,2023-12-20,137.68173217773438,141.02574487397254,137.4130278546512,138.30873930396123,49107200
181,2023-12-21,139.75186157226562,140.02058112931533,138.51775618635745,138.8262939224738,27488300
182,2023-12-22,140.81675720214844,141.3143780648777,140.0404698711855,140.10018194492363,26514600
183,2023-12-26,140.8466339111328,142.00110294060704,140.51820227118546,140.91629294532333,16780300
184,2023-12-27,139.7020721435547,141.4039421272873,139.22436038114222,140.91626822874798,19628600
185,2023-12-28,139.56275939941406,140.46843312127822,139.08504756687975,140.11014545033115,16045700
186,2023-12-29,139.02532958984375,139.6921397740678,138.11965590639036,138.9656175115826,18727200
187,2024-01-02,137.51255798339844,138.78646627528045,135.83059690794266,137.89075472780192,23711200
188,2024-01-03,138.25900268554688,138.96563111524162,136.42776123741183,136.59695053777565,24212100
189,2024-01-04,135.7410125732422,138.49783628802103,135.701209587832,137.76135197537812,27137700
190,2024-01-05,135.08416748046875,136.50737117465926,134.50692540464604,136.09931838527314,22506000
191,2024-01-08,138.17938232421875,138.34857162557788,135.6116563892304,135.6415124314593,21404000
192,2024-01-09,140.2793426513672,140.81678178118554,137.49266229644218,137.84100303562764,24759600
193,2024-01-10,141.60299682617188,142.31957211043382,140.23952047042707,140.32908858441377,21320200
194,2024-01-11,141.40394592285156,144.52900432776065,139.97079541096244,142.80724039792497,24008700
195,2024-01-12,141.97125244140625,142.51863852935318,141.14521501963384,141.99116153174606,18768600
196,2024-01-16,141.81201171875,143.66316210251998,140.77695172665017,141.3243377622621,22670500
197,2024-01-17,140.79685974121094,141.16509435045725,138.2390810062168,140.67743558387372,20968600
198,2024-01-18,142.7972869873047,143.5238244240393,141.3143864475642,141.37409852484444,25746400
199,2024-01-19,145.68348693847656,145.75314596163335,143.69300351070092,144.0512911351479,33300700
200,2024-01-22,145.2953643798828,147.68393876565145,145.14606898940627,146.40008345019257,32200400
201,2024-01-23,146.34034729003906,146.479680534306,144.80768160310274,145.19582529685954,21636100
202,2024-01-24,147.99244689941406,149.1369840368619,147.39531095421805,147.83320457288815,25233500
203,2024-01-25,151.14735412597656,152.32174724438246,148.82843911184986,149.35593119114108,29149100
204,2024-01-26,151.46583557128906,151.81416105186207,150.2914424776346,150.38102577143502,26115500
205,2024-01-29,152.77957153320312,153.0482910859022,150.70946665463993,151.33647388220928,27784300
206,2024-01-30,150.73931884765625,152.88902943924788,150.47059932888845,152.07293911887135,36331800
207,2024-01-31,139.43338012695312,143.314817013255,139.20446358239303,142.93662027544656,71910000
208,2024-02-01,140.48834228515625,142.37929571349378,140.12009247642374,141.44376595073413,40466500
209,2024-02-02,141.70252990722656,141.94137821596175,135.8505033642639,138.5973652180094,62470600
210,2024-02-05,142.996337890625,144.7778292586984,142.10062632407735,142.14044450127528,38505400
211,2024-02-06,143.4143524169922,144.6683516438696,142.5086787155993,143.9617232693515,29128200
212,2024-02-07,144.8474884033203,144.9271095715937,143.24514845900856,144.07120099538642,25208900
213,2024-02-08,145.2157440185547,145.6337437790856,144.40960053851757,145.1361228470937,22563800
214,2024-02-09,148.291015625,148.72892440965512,145.4844266976286,145.98204755543063,26829500
215,2024-02-12,146.82803344726562,148.6294188215734,146.6687911016663,147.7137981136562,21564100
216,2024-02-13,144.44940185546875,145.97212067480473,143.00630420667008,144.23044743303745,27837700
217,2024-02-14,145.24559020996094,145.82283227426896,143.40438681197526,145.38492345402256,22704200
218,2024-02-15,142.09066772460938,142.83709903093674,139.79166173091048,142.45890230948538,37590700
219,2024-02-16,139.85137939453125,142.5086731289085,139.47318265796596,142.30962780983683,31451100
220,2024-02-20,140.44851684570312,141.40395564806843,138.82628305113792,138.99547233345777,25144700
221,2024-02-21,141.87171936035156,142.01105260267784,140.0106068974836,140.7769473233704,23315700
222,2024-02-22,143.40438842773438,144.31006211743158,142.1205331777144,144.2403879015234,27191900
223,2024-02-23,143.2750244140625,143.99158457980388,142.7475322585676,142.98639577127176,19493800
224,2024-02-26,136.91543579101562,141.76225899571614,136.73628435178185,141.46368338778402,53641800
225,2024-02-27,138.2191925048828,138.5874271285175,136.43770109534037,137.36328390942444,33099200
226,2024-02-28,135.7310791015625,137.35331287977036,134.76569335803654,137.24383567629263,37328600
227,2024-02-29,137.80117797851562,138.19926859997335,135.75096723807542,136.62678482870294,42133000
228,2024-03-01,136.48745727539062,138.20922130484942,136.26850286861733,137.7713124913028,31119500
229,2024-03-04,132.7154998779297,135.01450600221577,131.28234925858652,135.01450600221577,55999400
230,2024-03-05,132.03872680664062,132.60602191781157,130.04824322136915,131.2524924723796,40194800
231,2024-03-06,130.77476501464844,132.94440001172532,130.22739417958527,132.4865821068133,35318600
232,2024-03-07,133.7406005859375,134.29793357515936,130.98377649333827,132.1581545511722,37738200
233,2024-03-08,134.7657012939453,137.43294213765384,133.36240665387308,133.57141412234174,39343100
234,2024-03-11,137.01492309570312,138.43812662433942,135.48225755873952,135.48225755873952,32437800
235,2024-03-12,137.84097290039062,138.71679043976945,136.37796641355683,136.37796641355683,27563400
236,2024-03-13,139.12484741210938,140.4186648160553,138.3286661046211,138.33861305579995,23347200
237,2024-03-14,142.4191131591797,142.90677194087021,139.79167531307277,140.5181976030222,42753400
238,2024-03-15,140.5082244873047,142.49870800871952,139.3637025369648,141.82195090080685,49460600
239,2024-03-18,146.977294921875,151.4260267765602,146.4697270944285,147.90287764978802,69273700
240,2024-03-19,146.3303985595703,148.08201863565114,145.38492190024363,147.45502663716707,24070400
241,2024-03-20,148.0322723388672,148.15169649653035,146.04178871816205,147.29578793217973,21311500
242,2024-03-21,146.89768981933594,149.65449855989905,146.20100843853635,148.75878705056255,24755600
243,2024-03-22,150.0526123046875,150.85875574292584,148.2711209562635,148.41045420254932,29175700
244,2024-03-25,149.35594177246094,149.6644642956251,147.11664775908744,149.22655548099812,19229300
245,2024-03-26,149.9530792236328,151.53551003081748,149.26635995623974,149.505223453737,22149100
246,2024-03-27,150.15211486816406,150.91845525200065,148.19148744617945,150.46063737451573,22879200
247,2024-03-28,150.2118377685547,150.70945866916398,149.45545946665504,150.13223178829975,24485400
248,2024-04-01,154.75015258789062,154.99896303730998,149.89336775564567,149.972988921802,31730800
249,2024-04-02,153.8245849609375,153.96391821888022,151.42604834775094,152.7696309813447,24586000
250,2024-04-03,154.18284606933594,154.3420883898699,152.0032642638509,152.8691348903896,24705000
251,2024-04-04,149.81375122070312,154.03358204033015,149.73413005208545,152.7696206660751,34724700
252,2024-04-05,151.7743682861328,152.6899888823038,148.8881732587718,149.31611992588236,23449300
253,2024-04-08,154.11318969726562,154.53118940622207,151.88384272998078,152.0530320036405,20702000
254,2024-04-09,155.85487365722656,157.80553910227465,154.4515790592109,155.3472906145229,31113000
255,2024-04-10,155.39706420898438,155.8648291004754,153.94400440401932,155.4667384289104,22838600
256,2024-04-11,158.6514892578125,158.92019359328873,155.7155291650152,156.16338491032602,27166400
257,2024-04-12,156.9794921875,159.4576498521726,156.39230314278245,157.20840874623565,25329200
258,2024-04-15,154.12315368652344,158.48231785442226,153.85443413456358,158.1041210913814,27136500
259,2024-04-16,153.6653289794922,154.9093812386726,152.6999432114734,153.45633670421336,20779500
260,2024-04-17,154.73025512695312,156.33259514906842,153.84449046790715,154.87953533334849,21763100
261,2024-04-18,155.26766967773438,156.19325246003623,153.88428416601494,154.6008594858019,19883000
262,2024-04-19,153.35679626464844,155.61599926941918,151.5753202297304,155.45675694613493,32239100
263,2024-04-22,155.53639221191406,156.88992171020138,153.32695413108942,153.5757645889644,26446200
264,2024-04-23,157.5069580078125,158.21358635071638,155.53638354340058,156.21315584791824,21151600
265,2024-04-24,158.37283325195312,158.8107420758396,156.42215263269097,156.74063729958468,22779100
266,2024-04-25,155.25772094726562,155.74539489675468,150.15212564884374,150.60994355919925,57109700
267,2024-04-26,171.1318359375,173.87871320868138,168.84277660691075,173.5403194325108,64665300
268,2024-04-29,165.35940551757812,168.74323647348305,164.42389105822426,168.2555625642054,45610000
269,2024-04-30,162.00546264648438,167.3001564313842,161.82632640780892,164.8219988264117,33562900
270,2024-05-01,163.080322265625,166.3248050727695,162.31398182603573,163.51823108824746,33493200
271,2024-05-02,165.82717895507812,165.9366561572897,163.1101731735162,164.00588469256783,24294500
272,2024-05-03,166.4442596435547,167.16083502137172,162.27419368231517,166.76272915248109,34662400
273,2024-05-06,167.30014038085938,167.33994336801806,165.23998271662975,166.66318628303551,21871300
274,2024-05-07,170.43515014648438,170.94271797332505,167.58875812637166,167.69823532661383,28039700
275,2024-05-08,168.5740509033203,169.34037610962505,167.93709679670465,168.1958541822666,19569100
276,2024-05-09,169.15130615234375,169.87782842770906,167.37976174414283,168.58401102643612,15346700
277,2024-05-10,167.84751892089844,169.0418211972959,165.39923266388908,167.2304738812949,29799900
278,2024-05-13,168.33518981933594,168.47452305757707,163.2196478065062,163.47840519575857,31327600
279,2024-05-14,169.52947998046875,170.43515363864887,167.99681433185833,168.9622000666333,25127100
280,2024-05-15,171.68914794921875,171.82848118606026,169.69866445937762,169.81810379537313,26948400
281,2024-05-16,173.3511962890625,174.28672593990896,171.86829583867203,172.46543176167918,27867900
282,2024-05-17,175.2222900390625,175.4312975242247,172.86357154778918,173.35123036952348,24479300
283,2024-05-20,176.0781707763672,177.9193741112275,175.24217134065958,175.3516485419678,22554400
284,2024-05-21,177.00376892089844,177.30232932665308,174.97346704465423,176.05827701539062,16989400
285,2024-05-22,175.540771484375,176.3070968146428,174.3763402817088,175.7995289117943,17880000
286,2024-05-23,172.72422790527344,177.40186161179759,172.12707671457434,176.22748350592448,21024900
287,2024-05-24,174.15736389160156,174.93365126217552,172.82372836993727,174.14740175468117,16572500
288,2024-05-28,175.56063842773438,176.42650907586395,173.54029889240527,173.61992005465763,20572200
289,2024-05-29,175.06304931640625,175.99857915988247,173.88867112902065,174.59528439466814,23388700
290,2024-05-30,171.29107666015625,174.38627944367667,170.97259197646454,174.36637035439955,22958700
291,2024-05-31,171.67919921875,172.23653216033742,168.63376194065896,171.0422451160524,37638900
292,2024-06-03,172.3460235595703,173.69955303760383,170.3455929752159,171.71901635552842,27459100
293,2024-06-04,172.96307373046875,173.0228009976231,171.07212029758608,172.45550585604707,26879600
294,2024-06-05,174.5753631591797,175.80945323933747,173.10239440013726,174.36635570479385,22068500
295,2024-06-06,175.88906860351562,176.30706831231922,174.91373594964054,175.06301613629049,23251000
296,2024-06-07,173.62986755371094,177.02363008978182,173.4706252426309,176.20753982131612,19661400
297,2024-06-10,174.37716674804688,176.41975708694557,172.13530264029285,174.3373180757214,23779200
298,2024-06-11,175.98135375976562,176.20055947666336,173.14166821496,175.5828062037414,21540600
299,2024-06-12,177.14710998535156,179.75764648213246,175.47319211286342,177.60545332869307,27864700
300,2024-06-13,174.52664184570312,176.100930541289,174.24765551520585,175.47320369586276,20913300
301,2024-06-14,176.15072631835938,176.419754263997,173.52027308216327,173.59002726213419,18063600
302,2024-06-17,176.59910583496094,177.715051051079,174.17788480631722,174.82554352922475,19618500
303,2024-06-18,174.45687866210938,176.74856500464978,173.47046818859647,176.49946899358264,21869900
304,2024-06-20,175.6625213623047,176.648931899367,174.35726061279985,174.73587623555667,20160100
305,2024-06-21,178.98046875,180.19605848680078,175.9713847127052,176.3599738775111,58582700
306,2024-06-24,178.5719451904297,180.23590467855502,178.02393093898397,179.50854860133447,18298000
307,2024-06-25,183.3645477294922,183.6236020982057,178.77121684563144,178.97049060645827,23235600
308,2024-06-26,183.21510314941406,183.84281475961373,181.82015636356306,181.96962309255457,19839000
309,2024-06-27,184.7395782470703,185.37726345815258,183.3546049665816,183.51401486664113,18848900
310,2024-06-28,181.49134826660156,184.46058367632295,181.30204806851228,183.65351502999962,29156600
311,2024-07-01,182.32830810546875,183.2150892304388,180.64441676394287,182.36815677467078,16006100
312,2024-07-02,184.5701904296875,184.89899899691764,180.9034891495935,181.39172281674388,17372500
313,2024-07-03,185.14808654785156,185.4170992875996,183.33466032731423,184.18159282875,10242100
314,2024-07-05,189.9108123779297,190.16986676631305,185.1281657368756,185.1879463493014,20967500
315,2024-07-08,188.3464813232422,189.48235856567723,187.10100122392242,189.2133306072121,21035900
316,2024-07-09,188.29664611816406,190.6680449292031,188.03759174863737,189.62183867706156,15121400
317,2024-07-10,190.48870849609375,191.05665474143063,188.34648872255113,188.46604995162622,15952500
318,2024-07-11,184.8990020751953,190.16986719879003,184.4107683999166,189.16352474556632,25625800
319,2024-07-12,184.40078735351562,186.43340394870364,183.82288283046884,184.41074571984632,22898400
320,2024-07-15,185.85549926757812,187.5593225326645,184.25132048016474,184.25132048016474,16474000
321,2024-07-16,183.2549591064453,187.99774187820162,182.70694481891954,186.6825227917543,18290700
322,2024-07-17,180.36544799804688,182.88629847032706,179.24948750496557,182.308393887249,20734100
323,2024-07-18,177.04747009277344,181.8400745567317,175.83188043287228,181.27212839599844,25315700
324,2024-07-19,177.01759338378906,179.63807308812588,176.48951105533254,178.23318313703982,18881900
325,2024-07-22,181.01309204101562,182.03936641608118,179.57829654867925,179.93699542176336,24100300
326,2024-07-23,181.1326446533203,182.94607087092996,180.88354864784296,181.39171422932947,36352700
327,2024-07-24,172.0057830810547,175.5529078595556,171.1987144347076,172.97227682395808,49585200
328,2024-07-25,166.6751251220703,172.7929226710128,166.58545420511723,171.8961830942536,44852000
329,2024-07-26,166.39613342285156,167.48218836937892,163.4667619348052,166.54558494627688,41336900
330,2024-07-29,168.91697692871094,169.81371643996607,167.38255227079114,168.21951117511102,20293800
331,2024-07-30,169.6742401123047,170.61084359012222,167.8309386667155,169.6244330706624,18959700
332,2024-07-31,170.91969299316406,173.61990013827557,169.39522679360476,172.61355784032972,25729100
333,2024-08-01,170.1425323486328,173.42064433790932,168.2693407012315,169.63438196406787,24531400
334,2024-08-02,166.05735778808594,167.90065902927802,164.07454819419817,165.8381520961541,29130100
335,2024-08-05,158.6741485595703,163.8354102699276,154.36976247516517,154.93770864058513,53630700
336,2024-08-06,157.7176055908203,159.98937493855377,155.8444141408682,158.7538533920478,49004600
337,2024-08-07,158.36526489257812,162.39064929609555,157.8969632273386,160.6669093473954,25138600
338,2024-08-08,161.444091796875,163.0980928190794,159.63068089584155,159.92958392090395,25578800
339,2024-08-09,163.0781707763672,163.1977319936456,158.48483983468753,159.43140161323996,28602300
340,2024-08-12,161.70315551757812,164.30371841151174,161.25478575040617,163.75571936475353,15895300
341,2024-08-13,163.56640625,164.13433724204145,162.3807068200086,162.81911822642027,18551700
342,2024-08-14,159.79010009765625,162.6298006303333,157.13973016458638,161.81275843785846,40591100
343,2024-08-15,160.7167510986328,161.05551802843678,159.03285961324696,159.9196408139774,31524300
344,2024-08-16,162.37074279785156,164.46314006883134,160.54735825938926,160.88612516941268,24208600
345,2024-08-19,166.06732177734375,166.08725371463413,163.66603265490428,164.68234860612503,22416200
346,2024-08-20,166.57546997070312,168.0301973015893,166.21678632585224,166.2964836667436,18341500
347,2024-08-21,165.2502899169922,166.2466739015297,164.07454890935912,164.5528089649255,22902000
348,2024-08-22,163.20770263671875,166.98399131629145,162.71946900223335,166.65518277106005,22493300
349,2024-08-23,165.0211181640625,165.57909078821876,163.237597440162,164.12437861861332,13955700
350,2024-08-26,165.5591583251953,166.94413138700807,163.86530867604202,165.77836400723294,14190400
351,2024-08-27,164.0845184326172,165.83816409495242,163.86532792843937,165.2403275821356,11821900
352,2024-08-28,162.26113891601562,165.0011948895807,160.9459047509701,164.44320708392877,16407400
353,2024-08-29,161.19500732421875,165.36985884682494,159.67054097302747,163.71585770644296,19699800
354,2024-08-30,162.7892303466797,163.06821666334946,161.10533887588517,162.03196874119254,22123800
355,2024-09-03,156.79100036621094,161.26477038522722,155.91417750545756,161.13523558890284,38945300
356,2024-09-04,155.88427734375,158.42505964289654,155.3960589028362,156.09352467815137,19353800
357,2024-09-05,156.6714324951172,158.87343271753585,155.41597886981896,155.73482906151818,18688700
358,2024-09-06,150.374267578125,157.25928448946016,150.00561037278717,156.73120219936595,37912100
359,2024-09-09,148.368896484375,153.04812579911544,146.88230875795676,152.16016788537544,39260500
360,2024-09-10,148.31900024414062,150.92301391041104,147.9997269680091,150.10488755816476,31118800
361,2024-09-11,150.8132781982422,151.15249466457212,147.18162811030237,149.57611698577008,29607700
362,2024-09-12,154.33517456054688,154.46488123819847,152.29984538660895,153.4472166512295,29695000
363,2024-09-13,157.09881591796875,158.0167037423396,154.85397709703722,155.0734584425326,29591200
364,2024-09-16,157.6974334716797,157.88700007819574,156.2407910010188,156.949153850456,18379800
365,2024-09-17,158.95455932617188,160.18173369132347,158.01671306098063,158.65524442097214,20715600
366,2024-09-18,159.44342041015625,160.13184010247764,158.23620447115354,159.493308763357,23677300
367,2024-09-19,161.76808166503906,163.41429079540828,160.96991366518583,163.3344876968325,26587700
368,2024-09-20,163.21475219726562,163.35443045510996,161.68826294232812,163.12496229374892,40896400
369,2024-09-23,161.47874450683594,165.1103942398001,161.29914948564644,163.97300985155823,24150900
370,2024-09-24,161.917724609375,162.84559924653018,160.32140390143587,162.65603264196153,23332100
371,2024-09-25,161.11956787109375,162.43653204188453,160.93000127122684,161.09960948590057,18869200
372,2024-09-26,162.35671997070312,163.70362938299246,161.90775524120266,163.26463623457852,20319300
373,2024-09-27,163.5739288330078,165.31991468714682,162.25696456225583,162.4365443712631,21101300
374,2024-09-30,165.46957397460938,165.76887364583845,162.88550343062403,162.9453785886578,20413900
375,2024-10-01,166.60696411132812,168.7719847422779,164.2024885113937,167.30535540779766,28338100
376,2024-10-02,165.47955322265625,167.13574919120185,164.3521403294987,166.03826626655388,17760200
377,2024-10-03,165.47955322265625,166.25776285148348,163.54400073216186,164.0328822574666,15073100
378,2024-10-04,166.67678833007812,167.84410270815644,165.10041077348518,167.6744944881404,19047400
379,2024-10-07,162.6061553955078,168.09353960289477,162.37668722767793,167.3352883566198,22463100
380,2024-10-08,164.00294494628906,164.35213297119705,162.49639888774195,163.5639517960843,23072700
381,2024-10-09,161.4887237548828,164.46188392429227,159.37359151374716,163.07507293573457,31181800
382,2024-10-10,161.70822143554688,162.69595604624766,160.0320671165202,160.50099024469034,14144100
383,2024-10-11,162.8655548095703,163.52402928799188,160.87014254138842,161.75810039177787,15344300
384,2024-10-14,164.5816192626953,165.84869515872447,163.02518482340258,163.26463978878337,19016100
385,2024-10-15,165.08047485351562,167.29536861569628,164.25237687914083,165.40970450318616,20247200
386,2024-10-16,164.78114318847656,165.41967448375283,163.36440235282572,164.1525834736406,16406000
387,2024-10-17,162.55625915527344,165.9883708197769,162.3866509330354,165.3498394792033,21453400
388,2024-10-18,163.04515075683594,164.3322003226238,162.7059342913527,162.81568258592537,19757700
389,2024-10-21,163.69366455078125,164.12267091200812,162.24697837282997,162.57622324771475,20946500
390,2024-10-22,164.76119995117188,165.38975972379467,162.60615092256947,162.60615092256947,16568100
391,2024-10-23,162.4066162109375,165.43965162521155,161.5585598399715,164.38207025094962,18280500
392,2024-10-24,162.34674072265625,162.95534206352698,160.64065656258018,162.45648900457678,22412500
393,2024-10-25,164.89089965820312,165.21015770980458,163.04513719135548,163.29456372883286,19828900
394,2024-10-28,166.3375701904297,168.3629124526984,163.5739198981752,168.3629124526984,32138600
395,2024-10-29,169.29078674316406,169.9891932870904,166.7067312467614,167.3452626285711,42169000
396,2024-10-30,174.059814453125,181.6024702004282,173.660722875302,180.26553244445503,68890800
397,2024-10-31,170.71751403808594,176.41442332366287,170.60776574356834,172.73288489023227,44769000
398,2024-11-01,170.89707946777344,171.924730806551,168.49261922011235,169.67989197256162,31796500
399,2024-11-04,168.851806640625,170.33837916949005,167.62461702535575,169.540211146429,21492700
400,2024-11-05,169.35064697265625,170.13882813078655,168.45270230555178,169.04134527892143,18242100
401,2024-11-06,176.10511779785156,176.53413938489027,173.1020275837351,173.40134249175,33695500
402,2024-11-07,180.33538818359375,180.66463304281666,176.783556694456,177.00305326727127,25352900
403,2024-11-08,177.94090270996094,180.48504128160124,177.6715177795822,180.23561473741785,22006200
404,2024-11-11,179.93630981445312,180.13584799922145,178.06061738529806,178.1703656704888,17450400
405,2024-11-12,181.20339965820312,182.07141442586757,178.97851903978543,179.40754063277615,25134900
406,2024-11-13,178.4696807861328,180.54491140269107,178.13044912542955,180.04605832824305,23184000
407,2024-11-14,175.17726135253906,178.40983501207117,173.92015698572658,177.87106512358804,31007500
408,2024-11-15,172.09434509277344,173.7405542062273,170.8272539769183,173.3314910172349,32504600
409,2024-11-18,174.8979034423828,175.03758170425652,172.50339937967658,173.02221087683125,20206600
410,2024-11-19,177.71141052246094,178.4596901179334,173.16187301779436,173.32150965187077,23434900
411,2024-11-20,175.5763397216797,177.27243728365775,173.38138904007343,176.93322081601997,18997100
412,2024-11-21,167.2454833984375,173.73057324168968,163.32449039222482,173.50108987072463,59734400
413,2024-11-22,164.38206481933594,166.0781775052239,163.52403689515066,165.4695761261647,38604600
414,2024-11-25,167.26544189453125,168.24320495243438,165.23012790175193,165.7090226252667,33135300
415,2024-11-26,168.73207092285156,169.43047745533647,167.19561004372002,167.24549839943876,20486700
416,2024-11-27,168.84181213378906,169.09123867813173,167.6345961844918,168.61234397565445,19266500
417,2024-11-29,168.5624542236328,169.0413489221372,166.7765668794217,168.1134894922982,14257200
418,2024-12-02,171.0966339111328,171.6852768885628,168.18333376692627,168.38287195306333,23789100
419,2024-12-03,170.9469757080078,172.28389835489799,170.45810941593857,171.0966407714524,22248700
420,2024-12-04,173.9700164794922,174.50878632573773,170.6676115592613,170.75740145903967,31615100
421,2024-12-05,172.24400329589844,175.65615678272883,171.93471679976247,174.95776546503646,21356200
422,2024-12-06,174.30926513671875,174.6784115765489,171.4657962428472,171.6354044780067,21462400
423,2024-12-09,175.1682586669922,176.05723424799297,173.45023604553785,173.75989224042516,25389600
424,2024-12-10,184.9569854736328,186.14561898038454,180.8417298459591,182.6396622409938,54813000
425,2024-12-11,195.1752166748047,195.3849818086967,184.637364997593,185.0968273042346,67894100
426,2024-12-12,191.7391815185547,194.9554633024938,191.48946911126617,194.77567768503926,34817500
427,2024-12-13,189.6016387939453,192.50827955283287,189.42183794011777,190.7902570178538,25143500
428,2024-12-16,196.43377685546875,198.77108139081074,192.39841571324646,192.648128127054,44934900
429,2024-12-17,195.1951904296875,201.18828813489583,194.7556941593745,197.02308705872431,43504000
430,2024-12-18,188.18325805664062,196.77337069091053,187.52402890568504,194.99541962680925,34166100
431,2024-12-19,188.2931365966797,192.8079411518366,188.16329650997008,191.40955777871685,32265200
432,2024-12-20,191.18980407714844,192.66809720587494,185.00692266360085,185.56627599656574,63462900
433,2024-12-23,194.40611267089844,194.87557322669755,189.93125525567427,192.3984151157297,25675000
434,2024-12-24,195.8843994140625,195.8843994140625,193.55707797257898,194.61585613024195,10403300
435,2024-12-26,195.375,196.52367101490134,194.1564021929594,194.92550545907343,12046600
436,2024-12-27,192.5382537841797,195.09532170060632,190.43068040496257,194.72573696465102,18891400
437,2024-12-30,191.02000427246094,192.32849481864238,188.90243274221342,189.58165840021294,14264700
438,2024-12-31,189.08224487304688,191.73918864322025,188.29314510160168,190.8601960597075,17466900
439,2025-01-02,189.2120819091797,191.7791328258186,187.2843094002135,190.43067970164262,20370800
440,2025-01-03,191.56936645507812,192.9877463613902,189.76145103861666,191.14985143368122,18596200
441,2025-01-06,196.64352416992188,197.99197728329852,193.6270092243641,193.75684931380115,29563600
442,2025-01-07,195.26512145996094,200.7687774852745,194.37614589069548,196.8832529983184,26487200
443,2025-01-08,193.7268829345703,196.06418741382137,192.1586969389352,192.3484808074723,24864800
444,2025-01-10,191.81907653808594,196.29393386115163,190.09107094303815,194.07648645979594,26665200
445,2025-01-13,190.79026794433594,190.96007055747594,187.14447278422705,189.8513620671916,21823700
446,2025-01-14,189.4418182373047,191.75914137705388,188.0933651847724,191.02000242961614,17174900
447,2025-01-15,195.32504272460938,196.1341084636535,191.6392852545324,192.8678659974796,21776000
448,2025-01-16,192.68807983398438,195.2551153784116,192.58818877757312,193.91666057341888,17815400
449,2025-01-17,195.77452087402344,197.00310160992169,193.52710928235737,196.3039099407615,27735100
450,2025-01-21,197.82217407226562,202.05728678766425,197.6423732117847,198.84100497169504,29971300
451,2025-01-22,198.1417999267578,200.24937329507208,197.30276987978317,198.83100862292844,26200600
452,2025-01-23,197.7522430419922,200.06958147081755,194.97544232412307,197.91206263871854,26951400
453,2025-01-24,199.9796905517578,200.66888399183227,197.77222616967978,197.87211722888603,23877500
454,2025-01-27,191.58934020996094,196.65351502081776,190.5105808080997,192.18865606918456,41728900
455,2025-01-28,195.07533264160156,195.2551182563093,190.4606370613745,192.52826307792662,24157900
456,2025-01-29,195.18521118164062,196.5636133163606,193.20747792712066,195.33503253066368,18218300
457,2025-01-30,200.638916015625,201.16830508891937,197.44260031613962,197.7722225159478,24354700
458,2025-01-31,203.78530883789062,205.24362078448016,201.56786140671954,201.76762828746982,32042000
459,2025-02-03,200.99850463867188,203.5156099470352,199.8698149328218,200.45913255035472,27838300
460,2025-02-04,206.14259338378906,206.81182081300247,202.57669285659674,203.15602747619252,43856400
461,2025-02-05,191.1099090576172,192.52827375908595,187.81370210065404,190.85021363044225,70373900
462,2025-02-06,191.3795928955078,191.87901770448227,188.50290111861952,189.28200260132084,29297400
463,2025-02-07,185.1267852783203,190.9600634127379,183.02921021692137,190.83022332592188,49315000
464,2025-02-10,186.2554931640625,187.98349876976383,185.64619427540677,187.1344857224474,23105600
465,2025-02-11,185.10682678222656,186.72495835838524,184.06801459806726,184.81715184499055,21239500
466,2025-02-12,183.39878845214844,184.8970629566076,181.62083725948915,183.0092376906385,22072600
467,2025-02-13,185.92587280273438,186.06571114375504,182.9293238598035,184.10797436946572,21402500
468,2025-02-14,185.01690673828125,186.1855589387927,184.1079651875959,184.8471041355986,20448400
469,2025-02-18,183.55859375,185.74607679460826,181.5309302979739,185.386490331916,29916700
470,2025-02-19,185.05686950683594,185.246653369277,183.3787942547783,183.8582530360721,19549400
471,2025-02-20,184.34768676757812,185.09682399614678,182.5098070913863,184.58741616756504,20441500
472,2025-02-21,179.4533233642578,185.12678179449694,178.87398876546825,184.93699793129608,35199200
473,2025-02-24,179.04379272460938,182.90933584096624,178.68420625509464,181.78064614487357,29854200
474,2025-02-25,175.21820068359375,178.53438877889693,174.48904471950055,177.8351818432405,41913400
475,2025-02-26,172.5312957763672,175.87744820035027,171.38262477536554,174.8686155406987,35431300
476,2025-02-27,168.30616760253906,174.3591940996765,167.746814231894,173.78985771928288,39991000
477,2025-02-28,170.0841064453125,170.41372863795183,166.5781498819881,168.48594100971005,48130600
478,2025-03-03,166.81787109375,173.17055534541237,165.73911166521458,171.7322094406985,40770500
479,2025-03-04,170.72337341308594,173.09064211021553,165.60926829005186,166.04876455679425,45388000
480,2025-03-05,172.8209686279297,173.58008886593674,168.86551735545183,170.32384453302183,30954900
481,2025-03-06,172.1517333984375,174.60889486138916,170.30385555544734,170.33381982392953,28302000
482,2025-03-07,173.66000366210938,174.76872740179581,170.07413701655315,171.06298843219486,27385800
483,2025-03-10,165.8699951171875,168.4600067138672,163.69000244140625,168.25999450683594,43604000
484,2025-03-11,164.0399932861328,166.75,161.3699951171875,164.91000366210938,39587400
485,2025-03-12,167.11000061035156,167.63999938964844,163.52999877929688,166.5800018310547,28372400
486,2025-03-13,162.75999450683594,166.1300048828125,162.11000061035156,166.0399932861328,31756200
487,2025-03-14,165.49000549316406,166.49000549316406,162.4499969482422,163.27000427246094,31995900
488,2025-03-17,164.2899932861328,166.3000030517578,163.6699981689453,165.02999877929688,31184300
489,2025-03-18,160.6699981689453,164.25,156.72000122070312,163.67999267578125,42074800
490,2025-03-19,163.88999938964844,165.8699951171875,161.0,161.75999450683594,34275600
491,2025-03-20,162.8000030517578,164.88999938964844,160.9600067138672,161.57000732421875,28138500
492,2025-03-21,163.99000549316406,164.24000549316406,160.88999938964844,161.2100067138672,36625800
493,2025-03-24,167.67999267578125,168.32000732421875,165.13999938964844,167.07000732421875,30879100
494,2025-03-25,170.55999755859375,170.6300048828125,168.32000732421875,168.97999572753906,24174400
495,2025-03-26,165.05999755859375,169.61000061035156,164.83999633789062,169.0,28901600
496,2025-03-27,162.24000549316406,165.4199981689453,162.0,164.6300048828125,24508300
497,2025-03-28,154.3300018310547,161.82000732421875,153.6300048828125,160.49000549316406,48669300
498,2025-03-31,154.63999938964844,155.5399932861328,150.66000366210938,153.11000061035156,54603500
499,2025-04-01,157.07000732421875,158.10000610351562,153.6199951171875,153.6199951171875,30672900
500,2025-04-02,157.0399932861328,158.41000366210938,154.6999969482422,155.14999389648438,25041700
501,2025-04-03,150.72000122070312,152.7799072265625,150.38999938964844,151.11000061035156,45935694
